INSERT INTO roles (role_name) VALUES
('Admin'),
('Kasir'),
('Manager');

INSERT INTO users (role_id, name, email, password) VALUES
(1,'Andi Admin','andi@pos.com','123456'),
(2,'Budi Kasir','budi@pos.com','123456'),
(2,'Siti Kasir','siti@pos.com','123456');

INSERT INTO categories (category_name) VALUES
('Minuman'),
('Makanan'),
('Snack'),
('Produk Rumah Tangga'),
('Elektronik');

INSERT INTO suppliers (supplier_name, phone, address) VALUES
('PT Indofood','081234567890','Jakarta'),
('PT Mayora','081234567891','Bandung'),
('PT Wings','081234567892','Surabaya');

INSERT INTO products (category_id, supplier_id, product_name, price, cost, barcode) VALUES
(1,1,'Teh Botol Sosro',5000,3500,'89911111'),
(1,1,'Aqua 600ml',4000,2500,'89922222'),
(2,2,'Indomie Goreng',3500,2500,'89933333'),
(3,2,'Biskuit Roma',8000,6000,'89944444'),
(4,3,'Sabun Lifebuoy',4500,3000,'89955555'),
(5,3,'Lampu LED 10W',20000,15000,'89966666');

INSERT INTO customers (customer_name, phone, email) VALUES
('Ahmad','081111111111','ahmad@email.com'),
('Rina','082222222222','rina@email.com'),
('Dedi','083333333333','dedi@email.com');

INSERT INTO warehouses (warehouse_name, location) VALUES
('Gudang Utama','Banda Aceh');

INSERT INTO stock (product_id, warehouse_id, quantity) VALUES
(1,1,100),
(2,1,100),
(3,1,200),
(4,1,80),
(5,1,150),
(6,1,60);

INSERT INTO sales (user_id, customer_id, sale_date, total) VALUES
(2,1,NOW(),9000),
(3,2,NOW(),13000),
(2,3,NOW(),5000);

INSERT INTO sale_items (sale_id, product_id, quantity, price, subtotal) VALUES
(1,1,1,5000,5000),
(1,2,1,4000,4000),

(2,3,2,3500,7000),
(2,4,1,8000,8000),

(3,1,1,5000,5000);

INSERT INTO payments (sale_id, payment_method_id, amount) VALUES
(1,1,9000),
(2,3,15000),
(3,1,5000);

INSERT INTO customers (customer_name, phone, email)
SELECT 
CONCAT('Customer_', n),
CONCAT('08123', LPAD(n,5,'0')),
CONCAT('customer',n,'@email.com')
FROM (
SELECT 1 n UNION SELECT 2 UNION SELECT 3 UNION SELECT 4 UNION SELECT 5
UNION SELECT 6 UNION SELECT 7 UNION SELECT 8 UNION SELECT 9 UNION SELECT 10
UNION SELECT 11 UNION SELECT 12 UNION SELECT 13 UNION SELECT 14 UNION SELECT 15
UNION SELECT 16 UNION SELECT 17 UNION SELECT 18 UNION SELECT 19 UNION SELECT 20
UNION SELECT 21 UNION SELECT 22 UNION SELECT 23 UNION SELECT 24 UNION SELECT 25
UNION SELECT 26 UNION SELECT 27 UNION SELECT 28 UNION SELECT 29 UNION SELECT 30
UNION SELECT 31 UNION SELECT 32 UNION SELECT 33 UNION SELECT 34 UNION SELECT 35
UNION SELECT 36 UNION SELECT 37 UNION SELECT 38 UNION SELECT 39 UNION SELECT 40
UNION SELECT 41 UNION SELECT 42 UNION SELECT 43 UNION SELECT 44 UNION SELECT 45
UNION SELECT 46 UNION SELECT 47 UNION SELECT 48 UNION SELECT 49 UNION SELECT 50
) numbers;

INSERT INTO sales (user_id, customer_id, sale_date, total)
SELECT 
2,
FLOOR(1 + RAND()*20),
NOW() - INTERVAL FLOOR(RAND()*10) DAY,
FLOOR(5000 + RAND()*50000)
FROM
(SELECT 1 UNION SELECT 2 UNION SELECT 3 UNION SELECT 4 UNION SELECT 5
UNION SELECT 6 UNION SELECT 7 UNION SELECT 8 UNION SELECT 9 UNION SELECT 10
UNION SELECT 11 UNION SELECT 12 UNION SELECT 13 UNION SELECT 14 UNION SELECT 15
UNION SELECT 16 UNION SELECT 17 UNION SELECT 18 UNION SELECT 19 UNION SELECT 20
UNION SELECT 21 UNION SELECT 22 UNION SELECT 23 UNION SELECT 24 UNION SELECT 25
UNION SELECT 26 UNION SELECT 27 UNION SELECT 28 UNION SELECT 29 UNION SELECT 30
UNION SELECT 31 UNION SELECT 32 UNION SELECT 33 UNION SELECT 34 UNION SELECT 35
UNION SELECT 36 UNION SELECT 37 UNION SELECT 38 UNION SELECT 39 UNION SELECT 40
UNION SELECT 41 UNION SELECT 42 UNION SELECT 43 UNION SELECT 44 UNION SELECT 45
UNION SELECT 46 UNION SELECT 47 UNION SELECT 48 UNION SELECT 49 UNION SELECT 50
UNION SELECT 51 UNION SELECT 52 UNION SELECT 53 UNION SELECT 54 UNION SELECT 55
UNION SELECT 56 UNION SELECT 57 UNION SELECT 58 UNION SELECT 59 UNION SELECT 60
UNION SELECT 61 UNION SELECT 62 UNION SELECT 63 UNION SELECT 64 UNION SELECT 65
UNION SELECT 66 UNION SELECT 67 UNION SELECT 68 UNION SELECT 69 UNION SELECT 70
UNION SELECT 71 UNION SELECT 72 UNION SELECT 73 UNION SELECT 74 UNION SELECT 75
UNION SELECT 76 UNION SELECT 77 UNION SELECT 78 UNION SELECT 79 UNION SELECT 80
UNION SELECT 81 UNION SELECT 82 UNION SELECT 83 UNION SELECT 84 UNION SELECT 85
UNION SELECT 86 UNION SELECT 87 UNION SELECT 88 UNION SELECT 89 UNION SELECT 90
UNION SELECT 91 UNION SELECT 92 UNION SELECT 93 UNION SELECT 94 UNION SELECT 95
UNION SELECT 96 UNION SELECT 97 UNION SELECT 98 UNION SELECT 99 UNION SELECT 100
) t;

INSERT INTO sale_items (sale_id, product_id, quantity, price, subtotal)
SELECT
FLOOR(1 + RAND()*50),
FLOOR(1 + RAND()*6),
FLOOR(1 + RAND()*3),
FLOOR(3000 + RAND()*20000),
FLOOR(5000 + RAND()*40000)
FROM
(SELECT 1 UNION SELECT 2 UNION SELECT 3 UNION SELECT 4 UNION SELECT 5
UNION SELECT 6 UNION SELECT 7 UNION SELECT 8 UNION SELECT 9 UNION SELECT 10
UNION SELECT 11 UNION SELECT 12 UNION SELECT 13 UNION SELECT 14 UNION SELECT 15
UNION SELECT 16 UNION SELECT 17 UNION SELECT 18 UNION SELECT 19 UNION SELECT 20
UNION SELECT 21 UNION SELECT 22 UNION SELECT 23 UNION SELECT 24 UNION SELECT 25
UNION SELECT 26 UNION SELECT 27 UNION SELECT 28 UNION SELECT 29 UNION SELECT 30
UNION SELECT 31 UNION SELECT 32 UNION SELECT 33 UNION SELECT 34 UNION SELECT 35
UNION SELECT 36 UNION SELECT 37 UNION SELECT 38 UNION SELECT 39 UNION SELECT 40
UNION SELECT 41 UNION SELECT 42 UNION SELECT 43 UNION SELECT 44 UNION SELECT 45
UNION SELECT 46 UNION SELECT 47 UNION SELECT 48 UNION SELECT 49 UNION SELECT 50
) x;

INSERT INTO payments (sale_id, payment_method_id, amount)
SELECT
sale_id,
FLOOR(1 + RAND()*3),
total
FROM sales;
